<application>
  <component name="ProjectManager">
    <defaultProject>
      <component name="PropertiesComponent">{}</component>
      <component name="WindowStateProjectService">
        <state x="624" y="148" width="800" height="671" key="new project wizard" timestamp="1754052926204">
          <screen x="0" y="0" width="2048" height="1112" />
        </state>
        <state x="624" y="148" width="800" height="671" key="new project wizard/0.0.2048.1112" timestamp="1754052926204" />
      </component>
      <component name="masterDetails">
        <states>
          <state key="ProjectJDKs.UI">
            <settings>
              <last-edited>1.8</last-edited>
              <splitter-proportions>
                <option name="proportions">
                  <list>
                    <option value="0.2" />
                  </list>
                </option>
              </splitter-proportions>
            </settings>
          </state>
        </states>
      </component>
    </defaultProject>
  </component>
</application>