<application>
  <component name="Trusted.Paths">
    <option name="TRUSTED_PROJECT_PATHS">
      <map>
        <entry key="D:\dev\GitHub\blog" value="true" />
        <entry key="D:\dev\GitHub\monaco-editor" value="true" />
        <entry key="D:\dev\labwind\Labwind-server" value="true" />
        <entry key="D:\dev\labwind\labwind-admin-ui" value="true" />
        <entry key="D:\dev\labwind\labwind-admin-vue2" value="true" />
        <entry key="D:\dev\labwind\labwind-client-ui" value="true" />
        <entry key="D:\dev\labwind\proj\labwind-client-ui\proj\labwind-client-ui" value="true" />
        <entry key="D:\dev\labwind\projects\labwind-client-ui" value="true" />
        <entry key="D:\dev\labwind\projects\labwind-client-ui\proj\labwind-client-ui" value="true" />
        <entry key="D:\dev\labwind\projects\labwind-client-ui\proj\labwind-client-ui-refactor" value="true" />
        <entry key="D:\dev\labwind\spread-js-train\assets\Demo\Back" value="true" />
        <entry key="D:\dev\projects\frontend\@hui\designer-ui" value="true" />
        <entry key="D:\dev\projects\frontend\@hui\docs" value="true" />
        <entry key="D:\dev\projects\frontend\@hui\sample" value="true" />
        <entry key="D:\dev\projects\frontend\hlhz_data_governance_fe" value="true" />
        <entry key="D:\dev\projects\frontend\hlhz_ims_fe" value="true" />
        <entry key="D:\dev\projects\guanlixitong" value="true" />
        <entry key="D:\dev\projects\tc-games-scripts" value="true" />
        <entry key="D:\dev\tencent-git\heima\JDK8" value="true" />
        <entry key="D:\dev\tencent-git\heima\druid-proj" value="true" />
        <entry key="D:\dev\tencent-git\heima\minio" value="true" />
        <entry key="D:\dev\tencent-git\heima\redis" value="true" />
        <entry key="D:\dev\tencent-git\heima\redis\base01_jedis" value="true" />
        <entry key="D:\dev\tencent-git\heima\redis\base02_spring_data_redist" value="true" />
        <entry key="D:\dev\tencent-git\heima\redis\base03_spring_data_redis_serializer" value="true" />
        <entry key="D:\dev\tencent-git\heima\redis\hm-dianping" value="true" />
        <entry key="D:\dev\tencent-git\heima\shiro-projs" value="true" />
        <entry key="D:\dev\tencent-git\heima\ssm\maven\01-maven-app" value="true" />
        <entry key="D:\dev\tencent-git\heima\ssm\maven\02-maven-app-user" value="true" />
        <entry key="D:\dev\tencent-git\heima\ssm\maven\03-maven-app-dept" value="true" />
        <entry key="D:\dev\tencent-git\heima\ssm\maven\04-maven-app-role" value="true" />
        <entry key="D:\dev\tencent-git\heima\ssm\mybatis-plus\mybatis-plus-01-quickstart" value="true" />
        <entry key="D:\dev\tencent-git\heima\ssm\mybatis-plus\mybatis-plus-02-generator" value="true" />
        <entry key="D:\dev\tencent-git\heima\ssm\spring\01-spring" value="true" />
        <entry key="D:\dev\tencent-git\heima\ssm\springboot" value="true" />
        <entry key="D:\dev\tencent-git\heima\ssm\springboot\springboot-01-quickstart" value="true" />
        <entry key="D:\dev\tencent-git\heima\ssm\springboot\springboot-02-read-yaml" value="true" />
        <entry key="D:\dev\tencent-git\heima\ssm\springboot\springboot-03-profile" value="true" />
        <entry key="D:\dev\tencent-git\heima\ssm\springboot\springboot-04-maven-profile" value="true" />
        <entry key="D:\dev\tencent-git\heima\ssm\springboot\springboot-05-test" value="true" />
        <entry key="D:\dev\tencent-git\heima\ssm\springboot\springboot-06-mybatis" value="true" />
        <entry key="D:\dev\tencent-git\heima\ssm\springmvc\01-springmvc-quickstart" value="true" />
        <entry key="D:\dev\tencent-git\heima\ssm\springmvc\02-springmvc-bean-load" value="true" />
        <entry key="D:\dev\tencent-git\heima\ssm\springmvc\03-springmvc-params" value="true" />
        <entry key="D:\dev\tencent-git\heima\ssm\springmvc\04-springmvc-ssm" value="true" />
        <entry key="D:\dev\tencent-git\heima\ssm\springmvc\05-springmvc-interceptor" value="true" />
        <entry key="D:\dev\test\dummy" value="true" />
        <entry key="D:\dev\test\java\01-helloword" value="true" />
        <entry key="D:\dev\test\java\02-spring" value="true" />
        <entry key="D:\dev\test\java\heima\01-spring" value="true" />
        <entry key="D:\dev\test\java\heima\02-spring-bean-instance" value="true" />
        <entry key="D:\dev\test\java\heima\03-spring-bean-lifecycle" value="true" />
        <entry key="D:\dev\test\java\heima\04-spring-di-setter" value="true" />
        <entry key="D:\dev\test\java\heima\05-spring-di-constructor" value="true" />
        <entry key="D:\dev\test\java\heima\06-spring-di-autoware" value="true" />
        <entry key="D:\dev\test\java\heima\07-spring-di-annotation-bean" value="true" />
        <entry key="D:\dev\test\java\heima\08-spring-di-annotation-manage" value="true" />
        <entry key="D:\dev\test\java\heima\09-spring-annotation-di" value="true" />
        <entry key="D:\dev\test\java\heima\10-spring-annotation-third-bean" value="true" />
        <entry key="D:\dev\test\java\heima\11-spring-annotation-mybatis" value="true" />
        <entry key="D:\dev\test\java\heima\12-spring-aop-quickstart" value="true" />
        <entry key="D:\dev\test\java\heima\13-spring-aop-advice-type" value="true" />
        <entry key="D:\dev\test\java\heima\14-spring-aop-transaction-case-transfer" value="true" />
        <entry key="D:\dev\test\java\heima\15-spring-aop-transaction-transfer-log" value="true" />
        <entry key="D:\dev\test\java\heima\maven\01-maven-app" value="true" />
        <entry key="D:\dev\test\java\heima\ssm\spring" value="true" />
        <entry key="D:\dev\test\java\heima\ssm\spring\01-spring" value="true" />
        <entry key="D:\dev\test\java\heima\ssm\spring\02-spring-bean-instance" value="true" />
        <entry key="D:\dev\test\java\heima\ssm\spring\03-spring-bean-lifecycle" value="true" />
        <entry key="D:\dev\test\java\heima\ssm\spring\04-spring-di-setter" value="true" />
        <entry key="D:\dev\test\java\heima\ssm\spring\05-spring-di-constructor" value="true" />
        <entry key="D:\dev\test\java\heima\ssm\spring\06-spring-di-autoware" value="true" />
        <entry key="D:\dev\test\java\heima\ssm\spring\07-spring-di-annotation-bean" value="true" />
        <entry key="D:\dev\test\java\heima\ssm\spring\08-spring-di-annotation-manage" value="true" />
        <entry key="D:\dev\test\java\heima\ssm\spring\09-spring-annotation-di" value="true" />
        <entry key="D:\dev\test\java\heima\ssm\spring\10-spring-annotation-third-bean" value="true" />
        <entry key="D:\dev\test\java\heima\ssm\spring\11-spring-annotation-mybatis" value="true" />
        <entry key="D:\dev\test\java\heima\ssm\spring\12-spring-aop-quickstart" value="true" />
        <entry key="D:\dev\test\java\heima\ssm\spring\13-spring-aop-advice-type" value="true" />
        <entry key="D:\dev\test\java\heima\ssm\spring\14-spring-aop-transaction-case-transfer" value="true" />
        <entry key="D:\dev\test\java\heima\ssm\spring\15-spring-aop-transaction-transfer-log" value="true" />
        <entry key="D:\dev\test\java\heima\ssm\springmvc" value="true" />
        <entry key="D:\dev\test\java\heima\ssm\springmvc\01-springmvc-quickstart" value="true" />
        <entry key="D:\dev\test\java\heima\ssm\springmvc\02-springmvc-bean-load" value="true" />
        <entry key="D:\dev\test\java\heima\ssm\springmvc\03-springmvc-params" value="true" />
        <entry key="D:\dev\test\java\heima\ssm\springmvc\04-springmvc-ssm" value="true" />
        <entry key="D:\download\baidu-disk\webpack_docs" value="true" />
        <entry key="D:\download\video\auto-download" value="true" />
        <entry key="D:\puyuan\proj\01-financial-management-platform\code\finance-ms" value="true" />
        <entry key="W:\backup\普元\puyuan-2023-08-15-2\puyuan" value="true" />
        <entry key="W:\dev\GitHub\community-edition" value="true" />
        <entry key="W:\dev\GitHub\json-fixer" value="true" />
        <entry key="W:\dev\GitHub\jsplumb" value="true" />
        <entry key="W:\dev\GitHub\vue-ls" value="true" />
        <entry key="W:\dev\blog" value="true" />
        <entry key="W:\dev\create-apps" value="true" />
        <entry key="W:\dev\create-apps\src\generators\micro-app\templates" value="true" />
        <entry key="W:\dev\flowchart-editor" value="true" />
        <entry key="W:\dev\generators\micro-app" value="true" />
        <entry key="W:\dev\jsplumb-guide" value="true" />
        <entry key="W:\dev\spiders\area-data-spider" value="true" />
        <entry key="W:\dev\tc-games-scripts" value="true" />
        <entry key="W:\dev\test\jsplumb-demo" value="true" />
        <entry key="W:\dev\test\vue-cli\vue2-ts-airbnb" value="true" />
        <entry key="W:\labwind\projects\labwind-client-ui\proj\labwind-client-ui" value="true" />
        <entry key="W:\labwind\projects\labwind-client-ui\proj\labwind-client-ui-dev" value="true" />
        <entry key="W:\puyuan\proj\01-financial-management-platform\code\finance-ms" value="true" />
        <entry key="W:\puyuan\proj\01-financial-management-platform\code\pzph-ui" value="true" />
        <entry key="W:\puyuan\proj\02-outlet-hall-ma\code\app-queue" value="true" />
        <entry key="W:\puyuan\proj\02-outlet-hall-ma\code\outlet-hall-ma" value="true" />
        <entry key="W:\puyuan\proj\02-outlet-hall-ma\res\code\机具-理财认购-列表-详情" value="true" />
        <entry key="W:\puyuan\proj\02-queue-mp\code\app-queue" value="true" />
        <entry key="W:\puyuan\proj\03-ai-bank-pad\code\ai-bank-pad" value="true" />
        <entry key="W:\puyuan\proj\03-ai-bank-pad\code\aibank-pad-dev-2023-09-27" value="true" />
        <entry key="W:\puyuan\proj\03-ai-bank-pad\res\Android-20230512_develop_test\JJMmarket\assets\www" value="true" />
        <entry key="W:\puyuan\proj\03-pad\code\four-biz" value="true" />
        <entry key="W:\puyuan\proj\03-pad\code\pad-proj" value="true" />
        <entry key="W:\puyuan\proj\04-ifps\code\ifps" value="true" />
        <entry key="W:\puyuan\proj\05-ma-js-api\code\ma-js-api" value="true" />
        <entry key="W:\puyuan\proj\06-camera\code" value="true" />
        <entry key="W:\puyuan\proj\06-camera\code\camera" value="true" />
        <entry key="W:\puyuan\proj\06-camera\code\old-camera" value="true" />
        <entry key="W:\puyuan\proj\06-camera\code\old\camera" value="true" />
        <entry key="W:\puyuan\proj\07-json-string-fixer\code\json-string-fixer" value="true" />
        <entry key="W:\puyuan\proj\08-flow-chart\code\flowchart-editor" value="true" />
        <entry key="W:\puyuan\proj\08-flow-chart\code\guide" value="true" />
        <entry key="W:\puyuan\proj\08-flow-chart\code\jsplumb-guide" value="true" />
        <entry key="W:\puyuan\proj\10-ydzypt\code\ydzypt" value="true" />
        <entry key="W:\puyuan\proj\11-image-control\code\image-control" value="true" />
        <entry key="W:\puyuan\proj\11-image-control\code\ma-http-proxy" value="true" />
        <entry key="W:\puyuan\proj\11-image-control\code\ma-js-api" value="true" />
        <entry key="W:\puyuan\proj\11-image-control\code\ma-proxy" value="true" />
        <entry key="W:\puyuan\proj\11-reportwork-h5\code\reportwork_h5" value="true" />
      </map>
    </option>
  </component>
  <component name="Trusted.Paths.Settings">
    <option name="TRUSTED_PATHS">
      <list>
        <option value="D:\dev\projects\frontend\@hui" />
        <option value="D:\dev\GitHub" />
        <option value="D:\dev\projects\frontend" />
        <option value="D:\dev\projects" />
        <option value="D:\download\baidu-disk" />
        <option value="W:\dev" />
        <option value="D:\puyuan\proj\01-financial-management-platform\code" />
        <option value="W:\puyuan\proj\01-financial-management-platform\code" />
        <option value="W:\puyuan\proj\03-ai-bank-pad\code" />
        <option value="W:\puyuan\proj\03-ai-bank-pad\res\Android-20230512_develop_test\JJMmarket\assets" />
        <option value="W:\puyuan\proj\02-queue-mp\code" />
        <option value="W:\puyuan\proj\02-outlet-hall-ma\code" />
        <option value="W:\puyuan\proj\04-ifps\code" />
        <option value="W:\puyuan\proj\05-ma-js-api\code" />
        <option value="W:\puyuan\proj\06-camera\code" />
        <option value="W:\puyuan\proj\07-json-string-fixer\code" />
        <option value="W:\puyuan\proj\08-flow-chart\code" />
        <option value="W:\puyuan\proj\10-ydzypt\code" />
        <option value="W:\puyuan\proj\11-reportwork-h5\code" />
        <option value="W:\puyuan\proj\11-image-control\code" />
        <option value="W:\labwind\projects\labwind-client-ui\proj" />
        <option value="D:\download\video" />
      </list>
    </option>
  </component>
</application>