<application>
  <component name="DimensionService">
    <location key="find.popup.0.0.2560.1440@120dpi" x="660" y="234" />
    <location key="REMOTE_DEVELOPMENT_CONNECTION.0.0.2560.1440@120dpi" x="771" y="264" />
    <size key="GridCell.Tab.0.left.0.0.2560.1440@120dpi" width="1734" height="419" />
    <size key="GridCell.Tab.0.center.0.0.2560.1440@120dpi" width="1734" height="419" />
    <size key="GridCell.Tab.0.right.0.0.2560.1440@120dpi" width="1734" height="419" />
    <size key="GridCell.Tab.0.bottom.0.0.2560.1440@120dpi" width="1734" height="419" />
    <size key="find.popup.0.0.2560.1440@120dpi" width="797" height="640" />
    <size key="GridCell.Tab.1.left.0.0.2560.1440@120dpi" width="1734" height="419" />
    <size key="GridCell.Tab.1.center.0.0.2560.1440@120dpi" width="1734" height="419" />
    <size key="GridCell.Tab.1.right.0.0.2560.1440@120dpi" width="1734" height="419" />
    <size key="GridCell.Tab.1.bottom.0.0.2560.1440@120dpi" width="1734" height="419" />
    <size key="GridCell.Tab.2.left.0.0.2560.1440@120dpi" width="1734" height="419" />
    <size key="GridCell.Tab.2.center.0.0.2560.1440@120dpi" width="1734" height="419" />
    <size key="GridCell.Tab.2.right.0.0.2560.1440@120dpi" width="1734" height="419" />
    <size key="GridCell.Tab.2.bottom.0.0.2560.1440@120dpi" width="1734" height="419" />
    <size key="GridCell.Tab.3.left.0.0.2560.1440@120dpi" width="1734" height="419" />
    <size key="GridCell.Tab.3.center.0.0.2560.1440@120dpi" width="1734" height="419" />
    <size key="GridCell.Tab.3.right.0.0.2560.1440@120dpi" width="1734" height="419" />
    <size key="GridCell.Tab.3.bottom.0.0.2560.1440@120dpi" width="1734" height="419" />
    <size key="GridCell.Tab.4.left.0.0.2560.1440@120dpi" width="1734" height="419" />
    <size key="GridCell.Tab.4.center.0.0.2560.1440@120dpi" width="1734" height="419" />
    <size key="GridCell.Tab.4.right.0.0.2560.1440@120dpi" width="1734" height="419" />
    <size key="GridCell.Tab.4.bottom.0.0.2560.1440@120dpi" width="1734" height="419" />
    <size key="GridCell.Tab.5.left.0.0.2560.1440@120dpi" width="1734" height="419" />
    <size key="GridCell.Tab.5.center.0.0.2560.1440@120dpi" width="1734" height="419" />
    <size key="GridCell.Tab.5.right.0.0.2560.1440@120dpi" width="1734" height="419" />
    <size key="GridCell.Tab.5.bottom.0.0.2560.1440@120dpi" width="1734" height="419" />
    <size key="REMOTE_DEVELOPMENT_CONNECTION.0.0.2560.1440@120dpi" width="1019" height="864" />
  </component>
  <component name="WindowManager">
    <frame x="1281" y="0" width="1290" height="1403" extendedState="6" />
  </component>
  <component name="WindowStateApplicationService">
    <state width="557" height="95" key="ShowUsagesActions.dimensionServiceKey" timestamp="1761966430141">
      <screen x="0" y="0" width="2048" height="1112" />
    </state>
    <state width="557" height="95" key="ShowUsagesActions.dimensionServiceKey/0.0.2048.1112" timestamp="1761966430141" />
    <state x="275" y="140" width="637" height="512" key="find.popup" timestamp="1758446037632">
      <screen x="0" y="0" width="2048" height="1112" />
    </state>
    <state x="275" y="140" width="637" height="512" key="find.popup/0.0.2048.1112" timestamp="1758446037632" />
  </component>
</application>