<filetype binary="false" default_extension="tgs" description="TC Game Scripts" name="TC Game Scripts">
  <highlighting>
    <options>
      <option name="LINE_COMMENT" value="//" />
      <option name="COMMENT_START" value="" />
      <option name="COMMENT_END" value="" />
      <option name="HEX_PREFIX" value="" />
      <option name="NUM_POSTFIXES" value="" />
      <option name="HAS_BRACES" value="true" />
      <option name="HAS_BRACKETS" value="true" />
      <option name="HAS_PARENS" value="true" />
    </options>
    <keywords keywords="AimAutoAdjust;Aimreset;Click;Delay;DirectionReset;DirectionRun;DirectionWalk;EnterLeftMouseControl;EnterShotMode;ExitLeftMouseControl;ExitShotMode;GetAimDynamicAdjustParm;HostLeftMouse;Key;LeftMouseSwitch;LongPress;Loop;MultiplePointsFC;PressDown;PressKeyboard;ReleaseKeyboard;SetAimDynamicAdjustParm;ShotModeSwitch;SimpleFI;Slide;tip;准心自动调节;准心重置;多点找色;射击模式开关;延时;循环;托管鼠标左键;按下键盘按键;按住;按键;提示;方向键重置;松开键盘按键;滑动;点击;简单找图;获取准心动态参数;设置准心动态参数;进入射击模式;进入鼠标左键控制;退出射击模式;退出鼠标左键控制;键盘行走快跑;键盘行走静步;长按;鼠标左键切换开关" ignore_case="false" />
    <keywords2 keywords="否则;如果" />
    <keywords3 keywords="变量" />
  </highlighting>
  <extensionMap>
    <mapping ext="tgs" />
  </extensionMap>
</filetype>