<application>
  <component name="NodeJsLocalInterpreterManager">
    <local-interpreter path="C:/Program Files/nodejs/node.exe">
      <version-cache version="18.20.4" last-modified="1720763272796" />
    </local-interpreter>
    <local-interpreter path="D:/soft/nvm/v18.20.4/node.exe">
      <version-cache version="18.20.4" last-modified="1720763272796" />
    </local-interpreter>
    <local-interpreter path="D:/soft/nvm/v16.14.2/node.exe">
      <version-cache version="16.14.2" last-modified="1648516370089" />
    </local-interpreter>
    <local-interpreter path="D:/soft/nvm/v14.19.1/node.exe">
      <version-cache version="14.19.1" last-modified="1648535793461" />
    </local-interpreter>
    <local-interpreter path="D:/soft/nvm/v12.22.12/node.exe">
      <version-cache version="12.22.12" last-modified="1692065835350" />
    </local-interpreter>
  </component>
</application>