<application>
  <component name="Trusted.Paths">
    <option name="TRUSTED_PROJECT_PATHS">
      <map>
        <entry key="D:\dev\GitHub\blog" value="true" />
        <entry key="D:\dev\GitHub\monaco-editor" value="true" />
        <entry key="D:\dev\labwind\proj\labwind-client-ui\proj\labwind-client-ui" value="true" />
        <entry key="D:\dev\labwind\projects\labwind-admin\codes\admin\labwind-ui-admin" value="true" />
        <entry key="D:\dev\labwind\projects\labwind-admin\codes\labwind-admin" value="true" />
        <entry key="D:\dev\labwind\projects\labwind-admin\codes\labwind-admin-ui" value="true" />
        <entry key="D:\dev\labwind\projects\labwind-admin\codes\labwind-admin-vue2" value="true" />
        <entry key="D:\dev\labwind\projects\labwind-admin\codes\labwind-ui" value="true" />
        <entry key="D:\dev\labwind\projects\labwind-client-ui" value="true" />
        <entry key="D:\dev\labwind\projects\labwind-client-ui\proj\labwind-client-ui" value="true" />
        <entry key="D:\dev\labwind\projects\labwind-client-ui\proj\labwind-client-ui-refactor" value="true" />
        <entry key="D:\dev\labwind\projects\labwind-mock-server" value="true" />
        <entry key="D:\dev\projects\flowchart-editor" value="true" />
        <entry key="D:\dev\projects\frontend\@hui\designer-ui" value="true" />
        <entry key="D:\dev\projects\frontend\@hui\docs" value="true" />
        <entry key="D:\dev\projects\frontend\@hui\sample" value="true" />
        <entry key="D:\dev\projects\frontend\hlhz_data_governance_fe" value="true" />
        <entry key="D:\dev\projects\frontend\hlhz_ims_fe" value="true" />
        <entry key="D:\dev\projects\guanlixitong" value="true" />
        <entry key="D:\dev\projects\tc-games-scripts" value="true" />
        <entry key="D:\dev\test\dummy" value="true" />
        <entry key="D:\dev\test\hello_vue3" value="true" />
        <entry key="D:\download\baidu-disk\webpack_docs" value="true" />
        <entry key="D:\puyuan\proj\01-financial-management-platform\code\finance-ms" value="true" />
        <entry key="W:\backup\普元\puyuan-2023-08-15-2\puyuan" value="true" />
        <entry key="W:\dev\GitHub\community-edition" value="true" />
        <entry key="W:\dev\GitHub\json-fixer" value="true" />
        <entry key="W:\dev\GitHub\jsplumb" value="true" />
        <entry key="W:\dev\GitHub\vue-ls" value="true" />
        <entry key="W:\dev\blog" value="true" />
        <entry key="W:\dev\create-apps" value="true" />
        <entry key="W:\dev\create-apps\src\generators\micro-app\templates" value="true" />
        <entry key="W:\dev\flowchart-editor" value="true" />
        <entry key="W:\dev\generators\micro-app" value="true" />
        <entry key="W:\dev\jsplumb-guide" value="true" />
        <entry key="W:\dev\spiders\area-data-spider" value="true" />
        <entry key="W:\dev\tc-games-scripts" value="true" />
        <entry key="W:\dev\test\jsplumb-demo" value="true" />
        <entry key="W:\dev\test\vue-cli\vue2-ts-airbnb" value="true" />
        <entry key="W:\labwind\projects\labwind-client-ui\proj\labwind-client-ui" value="true" />
        <entry key="W:\labwind\projects\labwind-client-ui\proj\labwind-client-ui-dev" value="true" />
        <entry key="W:\puyuan\proj\01-financial-management-platform\code\finance-ms" value="true" />
        <entry key="W:\puyuan\proj\01-financial-management-platform\code\pzph-ui" value="true" />
        <entry key="W:\puyuan\proj\02-outlet-hall-ma\code\app-queue" value="true" />
        <entry key="W:\puyuan\proj\02-outlet-hall-ma\code\outlet-hall-ma" value="true" />
        <entry key="W:\puyuan\proj\02-outlet-hall-ma\res\code\机具-理财认购-列表-详情" value="true" />
        <entry key="W:\puyuan\proj\02-queue-mp\code\app-queue" value="true" />
        <entry key="W:\puyuan\proj\03-ai-bank-pad\code\ai-bank-pad" value="true" />
        <entry key="W:\puyuan\proj\03-ai-bank-pad\code\aibank-pad-dev-2023-09-27" value="true" />
        <entry key="W:\puyuan\proj\03-ai-bank-pad\res\Android-20230512_develop_test\JJMmarket\assets\www" value="true" />
        <entry key="W:\puyuan\proj\03-pad\code\four-biz" value="true" />
        <entry key="W:\puyuan\proj\03-pad\code\pad-proj" value="true" />
        <entry key="W:\puyuan\proj\04-ifps\code\ifps" value="true" />
        <entry key="W:\puyuan\proj\05-ma-js-api\code\ma-js-api" value="true" />
        <entry key="W:\puyuan\proj\06-camera\code" value="true" />
        <entry key="W:\puyuan\proj\06-camera\code\camera" value="true" />
        <entry key="W:\puyuan\proj\06-camera\code\old-camera" value="true" />
        <entry key="W:\puyuan\proj\06-camera\code\old\camera" value="true" />
        <entry key="W:\puyuan\proj\07-json-string-fixer\code\json-string-fixer" value="true" />
        <entry key="W:\puyuan\proj\08-flow-chart\code\flowchart-editor" value="true" />
        <entry key="W:\puyuan\proj\08-flow-chart\code\guide" value="true" />
        <entry key="W:\puyuan\proj\08-flow-chart\code\jsplumb-guide" value="true" />
        <entry key="W:\puyuan\proj\10-ydzypt\code\ydzypt" value="true" />
        <entry key="W:\puyuan\proj\11-image-control\code\image-control" value="true" />
        <entry key="W:\puyuan\proj\11-image-control\code\ma-http-proxy" value="true" />
        <entry key="W:\puyuan\proj\11-image-control\code\ma-js-api" value="true" />
        <entry key="W:\puyuan\proj\11-image-control\code\ma-proxy" value="true" />
        <entry key="W:\puyuan\proj\11-reportwork-h5\code\reportwork_h5" value="true" />
      </map>
    </option>
  </component>
  <component name="Trusted.Paths.Settings">
    <option name="TRUSTED_PATHS">
      <list>
        <option value="D:\dev\projects\frontend\@hui" />
        <option value="D:\dev\GitHub" />
        <option value="D:\dev\projects\frontend" />
        <option value="D:\dev\projects" />
        <option value="D:\download\baidu-disk" />
        <option value="W:\dev" />
        <option value="D:\puyuan\proj\01-financial-management-platform\code" />
        <option value="W:\puyuan\proj\01-financial-management-platform\code" />
        <option value="W:\puyuan\proj\03-ai-bank-pad\code" />
        <option value="W:\puyuan\proj\03-ai-bank-pad\res\Android-20230512_develop_test\JJMmarket\assets" />
        <option value="W:\puyuan\proj\02-queue-mp\code" />
        <option value="W:\puyuan\proj\02-outlet-hall-ma\code" />
        <option value="W:\puyuan\proj\04-ifps\code" />
        <option value="W:\puyuan\proj\05-ma-js-api\code" />
        <option value="W:\puyuan\proj\06-camera\code" />
        <option value="W:\puyuan\proj\07-json-string-fixer\code" />
        <option value="W:\puyuan\proj\08-flow-chart\code" />
        <option value="W:\puyuan\proj\10-ydzypt\code" />
        <option value="W:\puyuan\proj\11-reportwork-h5\code" />
        <option value="W:\puyuan\proj\11-image-control\code" />
        <option value="W:\labwind\projects\labwind-client-ui\proj" />
      </list>
    </option>
  </component>
</application>