<application>
  <component name="DimensionService">
    <location key="find.popup.0.0.2560.1440" x="174" y="267" />
    <location key="find.popup.0.0.1920.1080@120dpi" x="193" y="133" />
    <location key="find.popup.0.0.1920.1080" x="597" y="195" />
    <location key="find.popup.0.0.3840.2160@144dpi" x="1536" y="254" />
    <location key="find.popup.0.0.3840.2160@180dpi" x="1577" y="315" />
    <location key="find.popup.0.0.3840.2160@192dpi" x="990" y="494" />
    <location key="find.popup.0.0.2561.1440@144dpi" x="803" y="359" />
    <location key="find.popup.0.0.2560.1440@120dpi" x="1204" y="160" />
    <size key="GridCell.Tab.0.left.0.0.2560.1440" width="2516" height="434" />
    <size key="GridCell.Tab.0.center.0.0.2560.1440" width="2516" height="434" />
    <size key="GridCell.Tab.0.right.0.0.2560.1440" width="2516" height="434" />
    <size key="GridCell.Tab.0.bottom.0.0.2560.1440" width="2516" height="434" />
    <size key="find.popup.0.0.2560.1440" width="1006" height="728" />
    <size key="GridCell.Tab.0.left.0.0.1920.1080@120dpi" width="1838" height="655" />
    <size key="GridCell.Tab.0.center.0.0.1920.1080@120dpi" width="1838" height="655" />
    <size key="GridCell.Tab.0.right.0.0.1920.1080@120dpi" width="1838" height="655" />
    <size key="GridCell.Tab.0.bottom.0.0.1920.1080@120dpi" width="1838" height="655" />
    <size key="find.popup.0.0.1920.1080@120dpi" width="1164" height="870" />
    <size key="GridCell.Tab.1.left.0.0.2560.1440" width="2516" height="532" />
    <size key="GridCell.Tab.1.center.0.0.2560.1440" width="2516" height="532" />
    <size key="GridCell.Tab.1.right.0.0.2560.1440" width="2516" height="532" />
    <size key="GridCell.Tab.1.bottom.0.0.2560.1440" width="2516" height="532" />
    <size key="GridCell.Tab.2.left.0.0.2560.1440" width="2516" height="532" />
    <size key="GridCell.Tab.2.center.0.0.2560.1440" width="2516" height="532" />
    <size key="GridCell.Tab.2.right.0.0.2560.1440" width="2516" height="532" />
    <size key="GridCell.Tab.2.bottom.0.0.2560.1440" width="2516" height="532" />
    <size key="GridCell.Tab.3.left.0.0.2560.1440" width="2516" height="532" />
    <size key="GridCell.Tab.3.center.0.0.2560.1440" width="2516" height="532" />
    <size key="GridCell.Tab.3.right.0.0.2560.1440" width="2516" height="532" />
    <size key="GridCell.Tab.3.bottom.0.0.2560.1440" width="2516" height="532" />
    <size key="GridCell.Tab.0.left.0.0.1920.1080" width="1876" height="256" />
    <size key="GridCell.Tab.0.center.0.0.1920.1080" width="1876" height="256" />
    <size key="GridCell.Tab.0.right.0.0.1920.1080" width="1876" height="256" />
    <size key="GridCell.Tab.0.bottom.0.0.1920.1080" width="1876" height="256" />
    <size key="find.popup.0.0.1920.1080" width="591" height="512" />
    <size key="find.popup.0.0.3840.2160@144dpi" width="1631" height="1391" />
    <size key="GridCell.Tab.0.left.0.0.3840.2160@144dpi" width="3654" height="408" />
    <size key="GridCell.Tab.0.center.0.0.3840.2160@144dpi" width="3654" height="408" />
    <size key="GridCell.Tab.0.right.0.0.3840.2160@144dpi" width="3654" height="408" />
    <size key="GridCell.Tab.0.bottom.0.0.3840.2160@144dpi" width="3654" height="408" />
    <size key="GridCell.Tab.0.left.0.0.3840.2160@180dpi" width="3696" height="630" />
    <size key="GridCell.Tab.0.center.0.0.3840.2160@180dpi" width="3696" height="630" />
    <size key="GridCell.Tab.0.right.0.0.3840.2160@180dpi" width="3696" height="630" />
    <size key="GridCell.Tab.0.bottom.0.0.3840.2160@180dpi" width="3696" height="630" />
    <size key="find.popup.0.0.3840.2160@180dpi" width="1680" height="1446" />
    <size key="find.popup.0.0.3840.2160@192dpi" width="1928" height="1292" />
    <size key="GridCell.Tab.0.left.0.0.3840.2160@192dpi" width="3710" height="514" />
    <size key="GridCell.Tab.0.center.0.0.3840.2160@192dpi" width="3710" height="514" />
    <size key="GridCell.Tab.0.right.0.0.3840.2160@192dpi" width="3710" height="514" />
    <size key="GridCell.Tab.0.bottom.0.0.3840.2160@192dpi" width="3710" height="514" />
    <size key="GridCell.Tab.1.left.0.0.3840.2160@192dpi" width="3710" height="586" />
    <size key="GridCell.Tab.1.center.0.0.3840.2160@192dpi" width="3710" height="586" />
    <size key="GridCell.Tab.1.right.0.0.3840.2160@192dpi" width="3710" height="586" />
    <size key="GridCell.Tab.1.bottom.0.0.3840.2160@192dpi" width="3710" height="586" />
    <size key="GridCell.Tab.2.left.0.0.3840.2160@192dpi" width="3710" height="586" />
    <size key="GridCell.Tab.2.center.0.0.3840.2160@192dpi" width="3710" height="586" />
    <size key="GridCell.Tab.2.right.0.0.3840.2160@192dpi" width="3710" height="586" />
    <size key="GridCell.Tab.2.bottom.0.0.3840.2160@192dpi" width="3710" height="586" />
    <size key="GridCell.Tab.3.left.0.0.3840.2160@192dpi" width="3710" height="586" />
    <size key="GridCell.Tab.3.center.0.0.3840.2160@192dpi" width="3710" height="586" />
    <size key="GridCell.Tab.3.right.0.0.3840.2160@192dpi" width="3710" height="586" />
    <size key="GridCell.Tab.3.bottom.0.0.3840.2160@192dpi" width="3710" height="586" />
    <size key="GridCell.Tab.0.left.0.0.2561.1440@144dpi" width="2462" height="474" />
    <size key="GridCell.Tab.0.center.0.0.2561.1440@144dpi" width="2462" height="474" />
    <size key="GridCell.Tab.0.right.0.0.2561.1440@144dpi" width="2462" height="474" />
    <size key="GridCell.Tab.0.bottom.0.0.2561.1440@144dpi" width="2462" height="474" />
    <size key="find.popup.0.0.2561.1440@144dpi" width="1212" height="794" />
    <size key="GridCell.Tab.0.left.0.0.2560.1440@120dpi" width="2478" height="347" />
    <size key="GridCell.Tab.0.center.0.0.2560.1440@120dpi" width="2478" height="347" />
    <size key="GridCell.Tab.0.right.0.0.2560.1440@120dpi" width="2478" height="347" />
    <size key="GridCell.Tab.0.bottom.0.0.2560.1440@120dpi" width="2478" height="347" />
    <size key="find.popup.0.0.2560.1440@120dpi" width="1287" height="865" />
    <size key="GridCell.Tab.0.left.0.0.2561.1601@144dpi" width="2462" height="455" />
    <size key="GridCell.Tab.0.center.0.0.2561.1601@144dpi" width="2462" height="455" />
    <size key="GridCell.Tab.0.right.0.0.2561.1601@144dpi" width="2462" height="455" />
    <size key="GridCell.Tab.0.bottom.0.0.2561.1601@144dpi" width="2462" height="455" />
  </component>
  <component name="WindowManager">
    <frame x="-14" y="-14" width="3866" height="2090" extendedState="6" />
  </component>
  <component name="WindowStateApplicationService">
    <state width="858" height="117" key="ShowUsagesActions.dimensionServiceKey" timestamp="1753263024479">
      <screen x="0" y="0" width="1920" height="1032" />
    </state>
    <state width="858" height="117" key="ShowUsagesActions.dimensionServiceKey/0.0.1920.1032" timestamp="1753263024479" />
    <state width="878" height="165" key="ShowUsagesActions.dimensionServiceKey/0.0.2048.1104" timestamp="1751727674611" />
  </component>
</application>