<application>
  <component name="FileTypeManager" version="19">
    <extensionMap>
      <mapping pattern=".env.sit1" type="Properties" />
      <mapping pattern=".env.sit2" type="Properties" />
      <mapping pattern=".env.prod" type="Properties" />
      <mapping pattern=".env.dev" type="Properties" />
      <removed_mapping ext="dockerignore" approved="true" type="DockerIgnore file" />
      <removed_mapping ext="ignore" approved="true" type="IgnoreLang file" />
      <removed_mapping ext="log" approved="true" type="PLAIN_TEXT" />
      <removed_mapping ext="pdf" approved="true" type="Native" />
      <removed_mapping ext="properties" approved="true" type="PLAIN_TEXT" />
      <removed_mapping ext="tgs" approved="true" type="PLAIN_TEXT" />
      <removed_mapping pattern=".env.dev" approved="true" type="PLAIN_TEXT" />
      <removed_mapping pattern=".env.dev.pad" approved="true" type="PLAIN_TEXT" />
      <removed_mapping pattern=".log" approved="true" type="LOG" />
    </extensionMap>
  </component>
</application>