<application>
  <component name="DimensionService">
    <location key="find.popup.0.0.2560.1440" x="174" y="267" />
    <location key="find.popup.0.0.1920.1080@120dpi" x="193" y="133" />
    <location key="find.popup.0.0.1920.1080" x="597" y="195" />
    <location key="find.popup.0.0.3840.2160@144dpi" x="1536" y="254" />
    <location key="find.popup.0.0.3840.2160@180dpi" x="1577" y="315" />
    <location key="find.popup.0.0.3840.2160@192dpi" x="1282" y="300" />
    <location key="find.popup.0.0.2561.1440@144dpi" x="803" y="359" />
    <location key="find.popup.0.0.2560.1440@120dpi" x="1120" y="288" />
    <size key="GridCell.Tab.0.left.0.0.2560.1440" width="2516" height="434" />
    <size key="GridCell.Tab.0.center.0.0.2560.1440" width="2516" height="434" />
    <size key="GridCell.Tab.0.right.0.0.2560.1440" width="2516" height="434" />
    <size key="GridCell.Tab.0.bottom.0.0.2560.1440" width="2516" height="434" />
    <size key="find.popup.0.0.2560.1440" width="1006" height="728" />
    <size key="GridCell.Tab.0.left.0.0.1920.1080@120dpi" width="1838" height="655" />
    <size key="GridCell.Tab.0.center.0.0.1920.1080@120dpi" width="1838" height="655" />
    <size key="GridCell.Tab.0.right.0.0.1920.1080@120dpi" width="1838" height="655" />
    <size key="GridCell.Tab.0.bottom.0.0.1920.1080@120dpi" width="1838" height="655" />
    <size key="find.popup.0.0.1920.1080@120dpi" width="1164" height="870" />
    <size key="GridCell.Tab.1.left.0.0.2560.1440" width="2516" height="532" />
    <size key="GridCell.Tab.1.center.0.0.2560.1440" width="2516" height="532" />
    <size key="GridCell.Tab.1.right.0.0.2560.1440" width="2516" height="532" />
    <size key="GridCell.Tab.1.bottom.0.0.2560.1440" width="2516" height="532" />
    <size key="GridCell.Tab.2.left.0.0.2560.1440" width="2516" height="532" />
    <size key="GridCell.Tab.2.center.0.0.2560.1440" width="2516" height="532" />
    <size key="GridCell.Tab.2.right.0.0.2560.1440" width="2516" height="532" />
    <size key="GridCell.Tab.2.bottom.0.0.2560.1440" width="2516" height="532" />
    <size key="GridCell.Tab.3.left.0.0.2560.1440" width="2516" height="532" />
    <size key="GridCell.Tab.3.center.0.0.2560.1440" width="2516" height="532" />
    <size key="GridCell.Tab.3.right.0.0.2560.1440" width="2516" height="532" />
    <size key="GridCell.Tab.3.bottom.0.0.2560.1440" width="2516" height="532" />
    <size key="GridCell.Tab.0.left.0.0.1920.1080" width="1876" height="256" />
    <size key="GridCell.Tab.0.center.0.0.1920.1080" width="1876" height="256" />
    <size key="GridCell.Tab.0.right.0.0.1920.1080" width="1876" height="256" />
    <size key="GridCell.Tab.0.bottom.0.0.1920.1080" width="1876" height="256" />
    <size key="find.popup.0.0.1920.1080" width="591" height="512" />
    <size key="find.popup.0.0.3840.2160@144dpi" width="1631" height="1391" />
    <size key="GridCell.Tab.0.left.0.0.3840.2160@144dpi" width="3654" height="408" />
    <size key="GridCell.Tab.0.center.0.0.3840.2160@144dpi" width="3654" height="408" />
    <size key="GridCell.Tab.0.right.0.0.3840.2160@144dpi" width="3654" height="408" />
    <size key="GridCell.Tab.0.bottom.0.0.3840.2160@144dpi" width="3654" height="408" />
    <size key="GridCell.Tab.0.left.0.0.3840.2160@180dpi" width="3696" height="630" />
    <size key="GridCell.Tab.0.center.0.0.3840.2160@180dpi" width="3696" height="630" />
    <size key="GridCell.Tab.0.right.0.0.3840.2160@180dpi" width="3696" height="630" />
    <size key="GridCell.Tab.0.bottom.0.0.3840.2160@180dpi" width="3696" height="630" />
    <size key="find.popup.0.0.3840.2160@180dpi" width="1680" height="1446" />
    <size key="find.popup.0.0.3840.2160@192dpi" width="1816" height="1196" />
    <size key="GridCell.Tab.0.left.0.0.3840.2160@192dpi" width="3710" height="446" />
    <size key="GridCell.Tab.0.center.0.0.3840.2160@192dpi" width="3710" height="446" />
    <size key="GridCell.Tab.0.right.0.0.3840.2160@192dpi" width="3710" height="446" />
    <size key="GridCell.Tab.0.bottom.0.0.3840.2160@192dpi" width="3710" height="446" />
    <size key="GridCell.Tab.1.left.0.0.3840.2160@192dpi" width="3710" height="640" />
    <size key="GridCell.Tab.1.center.0.0.3840.2160@192dpi" width="3710" height="640" />
    <size key="GridCell.Tab.1.right.0.0.3840.2160@192dpi" width="3710" height="640" />
    <size key="GridCell.Tab.1.bottom.0.0.3840.2160@192dpi" width="3710" height="640" />
    <size key="GridCell.Tab.2.left.0.0.3840.2160@192dpi" width="3710" height="640" />
    <size key="GridCell.Tab.2.center.0.0.3840.2160@192dpi" width="3710" height="640" />
    <size key="GridCell.Tab.2.right.0.0.3840.2160@192dpi" width="3710" height="640" />
    <size key="GridCell.Tab.2.bottom.0.0.3840.2160@192dpi" width="3710" height="640" />
    <size key="GridCell.Tab.3.left.0.0.3840.2160@192dpi" width="3710" height="640" />
    <size key="GridCell.Tab.3.center.0.0.3840.2160@192dpi" width="3710" height="640" />
    <size key="GridCell.Tab.3.right.0.0.3840.2160@192dpi" width="3710" height="640" />
    <size key="GridCell.Tab.3.bottom.0.0.3840.2160@192dpi" width="3710" height="640" />
    <size key="GridCell.Tab.0.left.0.0.2561.1440@144dpi" width="2462" height="474" />
    <size key="GridCell.Tab.0.center.0.0.2561.1440@144dpi" width="2462" height="474" />
    <size key="GridCell.Tab.0.right.0.0.2561.1440@144dpi" width="2462" height="474" />
    <size key="GridCell.Tab.0.bottom.0.0.2561.1440@144dpi" width="2462" height="474" />
    <size key="find.popup.0.0.2561.1440@144dpi" width="1212" height="794" />
    <size key="GridCell.Tab.0.left.0.0.2560.1440@120dpi" width="2478" height="393" />
    <size key="GridCell.Tab.0.center.0.0.2560.1440@120dpi" width="2478" height="393" />
    <size key="GridCell.Tab.0.right.0.0.2560.1440@120dpi" width="2478" height="393" />
    <size key="GridCell.Tab.0.bottom.0.0.2560.1440@120dpi" width="2478" height="393" />
    <size key="find.popup.0.0.2560.1440@120dpi" width="975" height="808" />
  </component>
  <component name="WindowManager">
    <frame x="-9" y="-9" width="2578" height="1408" extendedState="6" />
  </component>
  <component name="WindowStateApplicationService">
    <state x="792" y="222" key="FileChooserDialogImpl" timestamp="1712386602700">
      <screen x="0" y="0" width="2048" height="1112" />
    </state>
    <state x="660" y="184" key="FileChooserDialogImpl/0.0.1707.920" timestamp="1712200568899" />
    <state x="792" y="222" key="FileChooserDialogImpl/0.0.2048.1112" timestamp="1712386602700" />
    <state width="1149" height="186" key="ShowUsagesActions.dimensionServiceKey" timestamp="1717763916869">
      <screen x="0" y="0" width="2048" height="1112" />
    </state>
    <state width="580" height="142" key="ShowUsagesActions.dimensionServiceKey/0.0.1707.920" timestamp="1716030707759" />
    <state width="670" height="186" key="ShowUsagesActions.dimensionServiceKey/0.0.1920.1040" timestamp="1717755273623" />
    <state width="1149" height="186" key="ShowUsagesActions.dimensionServiceKey/0.0.2048.1112" timestamp="1717763916869" />
    <state x="1024" y="517" width="1068" height="878" key="WELCOME_SCREEN" timestamp="1712386589912">
      <screen x="0" y="0" width="2048" height="1112" />
    </state>
    <state x="768" y="383" width="800" height="650" key="WELCOME_SCREEN/0.0.1536.824" timestamp="1711542792863" />
    <state x="853" y="427" width="890" height="726" key="WELCOME_SCREEN/0.0.1707.920" timestamp="1712200527976" />
    <state x="1024" y="517" width="1068" height="878" key="WELCOME_SCREEN/0.0.2048.1112" timestamp="1712386589912" />
  </component>
</application>