<application>
  <component name="FileTypeManager" version="18">
    <extensionMap>
      <mapping pattern=".env.dev.pad" type="PLAIN_TEXT" />
      <mapping pattern=".env.dev" type="PLAIN_TEXT" />
      <removed_mapping ext="log" approved="true" type="PLAIN_TEXT" />
      <removed_mapping ext="pdf" approved="true" type="Native" />
      <removed_mapping ext="properties" approved="true" type="PLAIN_TEXT" />
      <removed_mapping ext="tgs" approved="true" type="PLAIN_TEXT" />
      <removed_mapping pattern=".log" approved="true" type="LOG" />
    </extensionMap>
  </component>
</application>