<keymap version="1" name="Eclipse copy 1" parent="Eclipse">
  <action id="Arrangement.Alias.Rule.Match.Condition.Move.Down" />
  <action id="Arrangement.Rule.Group.Condition.Move.Down" />
  <action id="Arrangement.Rule.Group.Condition.Move.Up" />
  <action id="Arrangement.Rule.Match.Condition.Move.Down" />
  <action id="Arrangement.Rule.Match.Condition.Move.Up" />
  <action id="ContextHelp" />
  <action id="MoveLineDown">
    <keyboard-shortcut first-keystroke="alt down" />
  </action>
  <action id="MoveLineUp">
    <keyboard-shortcut first-keystroke="alt up" />
  </action>
  <action id="MoveStatementDown" />
  <action id="MoveStatementUp" />
  <action id="ShowContent" />
  <action id="ShowSearchHistory" />
  <action id="Synchronize">
    <keyboard-shortcut first-keystroke="f1" />
  </action>
  <action id="UsageView.ShowRecentFindUsages" />
  <action id="context.load" />
</keymap>