<filetype binary="false" default_extension="log" description=".log 文件" name="LOG">
  <highlighting>
    <options>
      <option name="LINE_COMMENT" value="" />
      <option name="COMMENT_START" value="" />
      <option name="COMMENT_END" value="" />
      <option name="HEX_PREFIX" value="" />
      <option name="NUM_POSTFIXES" value="" />
      <option name="HAS_BRACES" value="true" />
      <option name="HAS_BRACKETS" value="true" />
      <option name="HAS_PARENS" value="true" />
      <option name="HAS_STRING_ESCAPES" value="true" />
    </options>
    <keywords keywords="DEBUG" ignore_case="false" />
    <keywords2 keywords="INFO" />
    <keywords3 keywords="Error" />
  </highlighting>
  <extensionMap>
    <mapping ext="log" />
  </extensionMap>
</filetype>